Id,name,catergory,x,y,imageURL
1,Alalalalpa,Alalalalpa,101,30,
2,Alalalalpa,Alalalalpa,101,30,
3,Alalalalpa,Alalalalpa,101,30,
4,Alalalalpa,Alalalalpa,101,30,
5,Alalalalpa,Alalalalpa,101,30,
6,Alalalalpa,Alalalalpa,101,30,
7,Alalalalpa,Alalalalpa,101,30,
8,Alalalalpa,Alalalalpa,101,30,
9,Alalalalpa,Alalalalpa,101,30,
10,Alalalalpa,Alalalalpa,101,30,
11,Alalalalpa,Alalalalpa,101,30,
12,Alalalalpa,Alalalalpa,101,30,
13,Alalalalpa,Alalalalpa,101,30,
14,Alalalalpa,Alalalalpa,101,30,
15,Alalalalpa,Alalalalpa,101,30,
16,Alalalalpa,Alalalalpa,101,30,
17,Alalalalpa,Alalalalpa,101,30,
18,Alalalalpa,Alalalalpa,101,30,
19,Alalalalpa,Alalalalpa,101,30,
20,Alalalalpa,Alalalalpa,101,30,
21,Alalalalpa,Alalalalpa,101,30,